{
    "coefficient": {
        "0": 5.086176872253418,
        "1": 0.23451270163059235,
        "10": -0.010530848987400532,
        "11": 0.00010894959268625826,
        "2": -0.0029074321500957012,
        "3": 3.178682565689087,
        "4": -0.29332515597343445,
        "5": 0.003162967273965478,
        "6": -1.5452399253845215,
        "7": 0.10142069309949875,
        "8": -0.0010601433459669352,
        "9": 0.17731726169586182
    },
    "info": {
        "depth_mode": "",
        "nb_coefficient": 12,
        "rmse": 213.05897521972656,
        "serial_number": ""
    },
    "x": {
        "degree": 3,
        "max": 5.55033016204834,
        "min": 0.5488719940185547,
        "variable": "Range"
    },
    "y": {
        "degree": 2,
        "max": 89.99600219726563,
        "min": 0.019782299175858498,
        "variable": "Incidence angle"
    }
}
