{
    "coefficient": {
        "0": 5.350971698760986,
        "1": -0.12017431110143661,
        "10": 8620.830999729818,
        "11": 263.26799348008996,
        "12": 1.1290180565291834,
        "13": 0.12882707611350577,
        "14": 0.0001767964892543815,
        "15": -1041.9631463522308,
        "16": -43.66316660521753,
        "17": -0.19660256287551625,
        "18": -0.008812182606759908,
        "19": -0.0011796761311113158,
        "2": 3.647909641265869,
        "20": 1.8429955094445812e-05,
        "21": 50.19545901940316,
        "22": 2.7089342542189017,
        "23": 0.024401950818830037,
        "24": -0.000604632415202948,
        "25": 8.619978671547469e-05,
        "26": 2.6984213411342336e-06,
        "27": -1.0546120952550898e-07,
        "3": 0.048305340111255646,
        "4": -1.7606092691421509,
        "5": -0.005488753784447908,
        "6": 0.20101343095302582,
        "7": 3.200353239662945e-05,
        "8": -6.5363145307531045,
        "9": -0.16612091645585003
    },
    "degree": 6,
    "serial_number": "",
    "x": {
        "bound_max": 7.300000190734863,
        "bound_min": 1.100000023841858,
        "degree": 3
    },
    "x_bound": {
        "max": 5.0,
        "min": 1.0
    },
    "y": {
        "bound_max": 60.0,
        "bound_min": 0.0,
        "degree": 1
    },
    "y_bound": {
        "max": 60.0,
        "min": 0.0
    }
}
